BioSample,BioProject,Run Accession,Study
SAMN03197092,PRJNA267549,SRR1655324,roach2015
SAMN03197116,PRJNA267549,SRR1655348,roach2015
SAMN03197121,PRJNA267549,SRR1655353,roach2015
SAMN03197146,PRJNA267549,SRR1655378,roach2015
SAMN03197152,PRJNA267549,SRR1655384,roach2015
SAMN03197192,PRJNA267549,SRR1655424,roach2015
SAMN03197214,PRJNA267549,SRR1655446,roach2015
SAMN03197250,PRJNA267549,SRR1655482,roach2015
SAMN03197284,PRJNA267549,SRR1655516,roach2015
SAMN03197297,PRJNA267549,SRR1655529,roach2015
SAMN03197305,PRJNA267549,SRR1655537,roach2015
SAMN03197310,PRJNA267549,SRR1655542,roach2015
SAMN03197314,PRJNA267549,SRR1655546,roach2015
SAMN03197324,PRJNA267549,SRR1655556,roach2015
SAMN03197325,PRJNA267549,SRR1655557,roach2015
SAMN23424733,PRJNA783264,SRR17662747;SRR17662754,nuesch-inderbinen2022a
SAMN23424741,PRJNA783264,SRR17662728;SRR17662739,nuesch-inderbinen2022a
SAMN29206312,PRJNA850926,SRR19751404,habib2022
SAMN29206313,PRJNA850926,SRR19751403,habib2022
SAMN29206314,PRJNA850926,SRR19751416,habib2022
SAMN29206315,PRJNA850926,SRR19751415,habib2022
SAMN23424744,PRJNA783264,SRR17662736;SRR17662751,nuesch-inderbinen2022a
SAMN03197374,PRJNA267549,SRR1655606,roach2015
SAMN03197379,PRJNA267549,SRR1655611,roach2015
SAMN03197380,PRJNA267549,SRR1655612,roach2015
SAMN03197382,PRJNA267549,SRR1655614,roach2015
SAMEA5128242,PRJEB29922,ERR2929618,hasman2019
SAMN03197383,PRJNA267549,SRR1655615,roach2015
SAMN03197393,PRJNA267549,SRR1655625,roach2015
SAMN03197403,PRJNA267549,SRR1655635,roach2015
SAMN23424746,PRJNA783264,SRR17662749,nuesch-inderbinen2022a
SAMN23424743,PRJNA783264,SRR17662737;SRR17662752,nuesch-inderbinen2022a
SAMN03197406,PRJNA267549,SRR1655638,roach2015
SAMN03197415,PRJNA267549,SRR1655647,roach2015
SAMN29206316,PRJNA850926,SRR19751413,habib2022
SAMN03197418,PRJNA267549,SRR1655650,roach2015
SAMN29206317,PRJNA850926,SRR19751411,habib2022
SAMN23424739,PRJNA783264,SRR17662730;SRR17662741,nuesch-inderbinen2022a
SAMEA5128243,PRJEB29922,ERR2929620,hasman2019
SAMN29206318,PRJNA850926,SRR19751409,habib2022
SAMN03197434,PRJNA267549,SRR1655666,roach2015
SAMN23424735,PRJNA783264,SRR17662742;SRR17662745,nuesch-inderbinen2022a
SAMN03197444,PRJNA267549,SRR1655676,roach2015
SAMN03197445,PRJNA267549,SRR1655677,roach2015
SAMN03197448,PRJNA267549,SRR1655680,roach2015
SAMN03197449,PRJNA267549,SRR1655681,roach2015
SAMN03197450,PRJNA267549,SRR1655682,roach2015
SAMN03197452,PRJNA267549,SRR1655684,roach2015
SAMEA5128247,PRJEB29922,ERR2929591,hasman2019
SAMN23424742,PRJNA783264,SRR17662727;SRR17662738,nuesch-inderbinen2022a
SAMEA5128226,PRJEB29922,ERR2929584,hasman2019
SAMN29206319,PRJNA850926,SRR19751408,habib2022
SAMEA5128250,PRJEB29922,ERR2929587,hasman2019
SAMN29206320,PRJNA850926,SRR19751407,habib2022
SAMN29206321,PRJNA850926,SRR19751406,habib2022
SAMEA5128263,PRJEB29922,ERR2929605,hasman2019
SAMEA5128266,PRJEB29922,ERR2929608,hasman2019
SAMEA5128235,PRJEB29922,ERR2929610,hasman2019
SAMEA5128237,PRJEB29922,ERR2929612,hasman2019
SAMN03197579,PRJNA267549,SRR1655811,roach2015
SAMEA5128239,PRJEB29922,ERR2929615,hasman2019
SAMEA5128240,PRJEB29922,ERR2929616,hasman2019
SAMN03197596,PRJNA267549,SRR1655828,roach2015
SAMN03197603,PRJNA267549,SRR1655835,roach2015
SAMN03197621,PRJNA267549,SRR1655853,roach2015
SAMN03197657,PRJNA267549,SRR1655889,roach2015
SAMN30494099,PRJNA873263,SRR21196277,cabal2022
SAMN30494101,PRJNA873263,SRR21196275,cabal2022
SAMN30494098,PRJNA873263,SRR21196278,cabal2022
SAMN30494100,PRJNA873263,SRR21196276,cabal2022
SAMN30494102,PRJNA873263,SRR21196274,cabal2022
SAMN30494081,PRJNA873263,SRR21196213,cabal2022
SAMN30494082,PRJNA873263,SRR21196212,cabal2022
SAMN30494092,PRJNA873263,SRR21196285,cabal2022
SAMN30494080,PRJNA873263,SRR21196214,cabal2022
SAMN30494079,PRJNA873263,SRR21196215,cabal2022
SAMN30494084,PRJNA873263,SRR21196210,cabal2022
SAMN30494085,PRJNA873263,SRR21196292,cabal2022
SAMN30494093,PRJNA873263,SRR21196284,cabal2022
SAMN30494083,PRJNA873263,SRR21196211,cabal2022
SAMN30494096,PRJNA873263,SRR21196280,cabal2022
SAMN30494094,PRJNA873263,SRR21196283,cabal2022
SAMN30494095,PRJNA873263,SRR21196281,cabal2022
SAMN30494097,PRJNA873263,SRR21196279,cabal2022
SAMN30494088,PRJNA873263,SRR21196289,cabal2022
SAMN30494090,PRJNA873263,SRR21196287,cabal2022
SAMN30494089,PRJNA873263,SRR21196288,cabal2022
SAMN30494091,PRJNA873263,SRR21196286,cabal2022
SAMN30494087,PRJNA873263,SRR21196290,cabal2022
SAMN30494086,PRJNA873263,SRR21196291,cabal2022
SAMN30494077,PRJNA873263,SRR21196217,cabal2022
SAMN30494078,PRJNA873263,SRR21196216,cabal2022
SAMN30494076,PRJNA873263,SRR21196218,cabal2022
SAMN03197729,PRJNA267549,SRR1655961,roach2015
SAMN03197755,PRJNA267549,SRR1655987,roach2015
SAMN03197766,PRJNA267549,SRR1655998,roach2015
SAMN03197767,PRJNA267549,SRR1655999,roach2015
SAMN03197782,PRJNA267549,SRR1656014,roach2015
SAMN03197785,PRJNA267549,SRR1656017,roach2015
SAMN03197801,PRJNA267549,SRR1656033,roach2015
SAMN03197802,PRJNA267549,SRR1656034,roach2015
SAMN03197806,PRJNA267549,SRR1656038,roach2015
SAMN03197811,PRJNA267549,SRR1656043,roach2015
SAMN03197821,PRJNA267549,SRR1656053,roach2015
SAMN23424740,PRJNA783264,SRR17662729;SRR17662740,nuesch-inderbinen2022a
SAMN03197848,PRJNA267549,SRR1656080,roach2015
SAMN23424737,PRJNA783264,SRR17662732;SRR17662743,nuesch-inderbinen2022a
SAMN03197867,PRJNA267549,SRR1656099,roach2015
SAMN03197871,PRJNA267549,SRR1656103,roach2015
SAMN03197873,PRJNA267549,SRR1656105,roach2015
SAMN23424745,PRJNA783264,SRR17662735;SRR17662750,nuesch-inderbinen2022a
SAMN03197881,PRJNA267549,SRR1656113,roach2015
SAMN03197890,PRJNA267549,SRR1656122,roach2015
SAMN23424747,PRJNA783264,SRR17662734;SRR17662748,nuesch-inderbinen2022a
SAMN03197908,PRJNA267549,SRR1656140,roach2015
SAMN23424734,PRJNA783264,SRR17662746;SRR17662753,nuesch-inderbinen2022a
SAMN03197914,PRJNA267549,SRR1656146,roach2015
SAMN03197929,PRJNA267549,SRR1656161,roach2015
SAMN23424736,PRJNA783264,SRR17662733;SRR17662744,nuesch-inderbinen2022a
SAMN03197937,PRJNA267549,SRR1656169,roach2015
SAMN23424738,PRJNA783264,SRR17662731,nuesch-inderbinen2022a
SAMN03197944,PRJNA267549,SRR1656176,roach2015
SAMN03197958,PRJNA267549,SRR1656190,roach2015
SAMN03197961,PRJNA267549,SRR1656193,roach2015
SAMN03198072,PRJNA267549,SRR1656304,roach2015
SAMN03198083,PRJNA267549,SRR1656315,roach2015
SAMN03198085,PRJNA267549,SRR1656317,roach2015
SAMN03198111,PRJNA267549,SRR1656343,roach2015
SAMN03198112,PRJNA267549,SRR1656344,roach2015
SAMN03198135,PRJNA267549,SRR1656367,roach2015
SAMN03198139,PRJNA267549,SRR1656371,roach2015
SAMN03198141,PRJNA267549,SRR1656373,roach2015
SAMN03198168,PRJNA267549,SRR1656400,roach2015
SAMN03198169,PRJNA267549,SRR1656401,roach2015
SAMN03198204,PRJNA267549,SRR1656436,roach2015
SAMN28025447,PRJNA833940,SRR19612301,nuesch-inderbinen2022b
SAMN28025448,PRJNA833940,SRR19612311,nuesch-inderbinen2022b
SAMN28025451,PRJNA833940,SRR19612279,nuesch-inderbinen2022b
SAMN28025452,PRJNA833940,SRR19612268,nuesch-inderbinen2022b
SAMN28025455,PRJNA833940,SRR19612290,nuesch-inderbinen2022b
SAMN28025456,PRJNA833940,SRR19612262,nuesch-inderbinen2022b
SAMN28025457,PRJNA833940,SRR19612260,nuesch-inderbinen2022b
SAMN28025458,PRJNA833940,SRR19612309,nuesch-inderbinen2022b
SAMN28025459,PRJNA833940,SRR19612312,nuesch-inderbinen2022b
SAMN28025460,PRJNA833940,SRR19612313,nuesch-inderbinen2022b
SAMN28025463,PRJNA833940,SRR19612261,nuesch-inderbinen2022b
SAMN28025466,PRJNA833940,SRR19612306,nuesch-inderbinen2022b
SAMN28025467,PRJNA833940,SRR19612305,nuesch-inderbinen2022b
SAMN28025468,PRJNA833940,SRR19612263,nuesch-inderbinen2022b
SAMN15957523,PRJNA630475,SRR12606480,aun2021
SAMN15957524,PRJNA630475,SRR12606479,aun2021
SAMN15957525,PRJNA630475,SRR12606468,aun2021
SAMN15957526,PRJNA630475,SRR12606457,aun2021
SAMN15957527,PRJNA630475,SRR12606446,aun2021
SAMN15957528,PRJNA630475,SRR12606435,aun2021
SAMN15957529,PRJNA630475,SRR12606424,aun2021
SAMN15957530,PRJNA630475,SRR12606413,aun2021
SAMN15957531,PRJNA630475,SRR12606402,aun2021
SAMN15957532,PRJNA630475,SRR12606391,aun2021
SAMN15957533,PRJNA630475,SRR12606478,aun2021
SAMN15957534,PRJNA630475,SRR12606477,aun2021
SAMN15957535,PRJNA630475,SRR12606476,aun2021
SAMN15957536,PRJNA630475,SRR12606475,aun2021
SAMN15957537,PRJNA630475,SRR12606474,aun2021
SAMN15957538,PRJNA630475,SRR12606473,aun2021
SAMN15957539,PRJNA630475,SRR12606472,aun2021
SAMN15957540,PRJNA630475,SRR12606471,aun2021
SAMN15957541,PRJNA630475,SRR12606470,aun2021
SAMN15957542,PRJNA630475,SRR12606469,aun2021
SAMN15957543,PRJNA630475,SRR12606467,aun2021
SAMN15957544,PRJNA630475,SRR12606466,aun2021
SAMEA2157717,PRJEB4344,ERR374846,raven2016a
SAMEA2145156,PRJEB4346,ERR375561,raven2016a
SAMEA2142580,PRJEB4344,ERR375171,raven2016a
SAMEA2160037,PRJEB4345,ERR370014,raven2016a
SAMEA2153296,PRJEB4344,ERR375126,raven2016a
SAMEA2154390,PRJEB4344,ERR375239,raven2016a
SAMEA2154800,PRJEB4344,ERR374802,raven2016a
SAMEA2145536,PRJEB4345,ERR369987,raven2016a
SAMEA2163523,PRJEB4345,ERR388705,raven2016a
SAMEA2146715,PRJEB4344,ERR375020,raven2016a
SAMEA2156772,PRJEB4345,ERR375352,raven2016a
SAMEA2143110,PRJEB4344,ERR375222,raven2016a
SAMEA2147387,PRJEB4344,ERR374699,raven2016a
SAMEA1968970,PRJEB4344,ERR374825,raven2016a
SAMEA2147867,PRJEB4344,ERR374997,raven2016a
SAMEA2149907,PRJEB4344,ERR374758,raven2016a
SAMEA2161444,PRJEB4345,ERR369968,raven2016a
SAMEA2150858,PRJEB4345,ERR370009,raven2016a
SAMEA2156716,PRJEB4344,ERR374932,raven2016a
SAMEA2157840,PRJEB4344,ERR375084,raven2016a
SAMEA2154745,PRJEB4345,ERR369952,raven2016a
SAMEA2142621,PRJEB4345,ERR375336,raven2016a
SAMEA2159149,PRJEB4344,ERR375068,raven2016a
SAMEA2150251,PRJEB4346,ERR375575,raven2016a
SAMEA2160011,PRJEB4345,ERR375368,raven2016a
SAMEA1972688,PRJEB4344,ERR375196,raven2016a
SAMEA2149966,PRJEB4344,ERR374736,raven2016a
SAMEA1967838,PRJEB4345,ERR375293,raven2016a
SAMEA2170849,PRJEB4344,ERR388686,raven2016a
SAMEA2151754,PRJEB4344,ERR374790,raven2016a
SAMEA2147083,PRJEB4344,ERR375045,raven2016a
SAMEA2151382,PRJEB4344,ERR374788,raven2016a
SAMEA2158337,PRJEB4344,ERR375102,raven2016a
SAMEA2157091,PRJEB4345,ERR375338,raven2016a
SAMEA2146490,PRJEB4345,ERR375442,raven2016a
SAMEA2147403,PRJEB4344,ERR374869,raven2016a
SAMEA2151425,PRJEB4344,ERR374900,raven2016a
SAMEA2170858,PRJEB4344,ERR388695,raven2016a
SAMEA2154566,PRJEB4344,ERR375198,raven2016a
SAMEA2142614,PRJEB4344,ERR375104,raven2016a
SAMEA2150155,PRJEB4344,ERR375123,raven2016a
SAMEA2147299,PRJEB4344,ERR375061,raven2016a
SAMEA2154936,PRJEB4344,ERR374717,raven2016a
SAMEA2144659,PRJEB4345,ERR375309,raven2016a
SAMEA2144169,PRJEB4345,ERR388708,raven2016a
SAMEA2153428,PRJEB4345,ERR370016,raven2016a
SAMEA2144168,PRJEB4344,ERR374768,raven2016a
SAMEA2152955,PRJEB4346,ERR375558,raven2016a
SAMEA2146222,PRJEB4345,ERR375424,raven2016a
SAMEA2150184,PRJEB4344,ERR374730,raven2016a
SAMEA2152810,PRJEB4345,ERR375501,raven2016a
SAMEA2152355,PRJEB4345,ERR377475,raven2016a
SAMEA2152995,PRJEB4345,ERR369960,raven2016a
SAMEA2148097,PRJEB4344,ERR375220,raven2016a
SAMEA2155127,PRJEB4345,ERR375454,raven2016a
SAMEA2143885,PRJEB4345,ERR375521,raven2016a
SAMEA2152825,PRJEB4344,ERR375233,raven2016a
SAMEA2162207,PRJEB4344,ERR375110,raven2016a
SAMEA1972446,PRJEB4345,ERR370010,raven2016a
SAMEA2147741,PRJEB4344,ERR375269,raven2016a
SAMEA2148104,PRJEB4344,ERR374839,raven2016a
SAMEA2145411,PRJEB4344,ERR375132,raven2016a
SAMEA2162605,PRJEB4345,ERR369989,raven2016a
SAMEA2142599,PRJEB4344,ERR374712,raven2016a
SAMEA2146567,PRJEB4344,ERR374896,raven2016a
SAMEA2142788,PRJEB4344,ERR374684,raven2016a
SAMEA2159643,PRJEB4344,ERR375166,raven2016a
SAMEA2157682,PRJEB4345,ERR369973,raven2016a
SAMEA2146530,PRJEB4345,ERR377467,raven2016a
SAMEA2148498,PRJEB4344,ERR374980,raven2016a
SAMEA2157999,PRJEB4345,ERR375414,raven2016a
SAMEA2148831,PRJEB4344,ERR375221,raven2016a
SAMEA2146580,PRJEB4345,ERR370026,raven2016a
SAMEA2154070,PRJEB4344,ERR374984,raven2016a
SAMEA2144646,PRJEB4344,ERR375249,raven2016a
SAMEA2158548,PRJEB4344,ERR375181,raven2016a
SAMEA2147604,PRJEB4344,ERR374757,raven2016a
SAMEA2148333,PRJEB4344,ERR374878,raven2016a
SAMEA2151529,PRJEB4344,ERR375004,raven2016a
SAMEA2149473,PRJEB4344,ERR375127,raven2016a
SAMEA2152069,PRJEB4345,ERR369984,raven2016a
SAMEA2144453,PRJEB4345,ERR375416,raven2016a
SAMEA2162491,PRJEB4344,ERR374773,raven2016a
SAMEA2159988,PRJEB4344,ERR375234,raven2016a
SAMEA2146029,PRJEB4344,ERR374667,raven2016a
SAMEA2151637,PRJEB4345,ERR375465,raven2016a
SAMEA2142689,PRJEB4345,ERR375546,raven2016a
SAMEA2153619,PRJEB4344,ERR375225,raven2016a
SAMEA2158==89,PRJEB4345,ERR369942,raven2016a
SAMEA2156874,PRJEB4344,ERR375184,raven2016a
SAMEA2152965,PRJEB4344,ERR375180,raven2016a
SAMEA2155814,PRJEB4345,ERR370027,raven2016a
SAMEA2159861,PRJEB4345,ERR370006,raven2016a
SAMEA2145783,PRJEB4344,ERR375119,raven2016a
SAMEA6595201,PRJEB36950,ERR3959019;ERR3959025,mchugh2022
SAMEA6595201,PRJEB36950,ERR3959019;ERR3959025,mchugh2022
SAMEA6595201,PRJEB36950,ERR3959019;ERR3959025,mchugh2022
SAMEA6595201,PRJEB36950,ERR3959019;ERR3959025,mchugh2022
SAMEA6595202,PRJEB36950,ERR3959020;ERR3959026,mchugh2022
SAMEA6595202,PRJEB36950,ERR3959020;ERR3959026,mchugh2022
SAMEA6595202,PRJEB36950,ERR3959020;ERR3959026,mchugh2022
SAMEA6595202,PRJEB36950,ERR3959020;ERR3959026,mchugh2022
SAMN12082465,PRJNA541552,SRR9321129,holman2021
SAMN18529534,PRJNA541552,SRR14098044,holman2021
SAMN12082466,PRJNA541552,SRR9321128,holman2021
SAMN12082467,PRJNA541552,SRR9321127,holman2021
SAMN12082468,PRJNA541552,SRR9321126,holman2021
SAMN18529533,PRJNA541552,SRR14098045,holman2021
SAMN15690854,PRJNA649986,SRR12377911,chilambi2021
SAMN15690858,PRJNA649986,SRR12377907,chilambi2021
SAMN15690857,PRJNA649986,SRR12377908,chilambi2021
SAMN15690852,PRJNA649986,SRR12377913,chilambi2021
SAMN15690855,PRJNA649986,SRR12377910,chilambi2021
SAMN15690850,PRJNA649986,SRR12377920,chilambi2021
SAMN15690859,PRJNA649986,SRR12377906,chilambi2021
SAMN15690860,PRJNA649986,SRR12377918,chilambi2021
SAMN15690851,PRJNA649986,SRR12377919,chilambi2021
SAMN15690861,PRJNA649986,SRR12377917,chilambi2021
SAMN15690862,PRJNA649986,SRR12377916,chilambi2021
SAMN15690863,PRJNA649986,SRR12377915,chilambi2021
SAMN15690864,PRJNA649986,SRR12377914,chilambi2021
SAMN15690853,PRJNA649986,SRR12377912,chilambi2021
SAMN15690856,PRJNA649986,SRR12377909,chilambi2021
SAMEA21437==8,PRJEB4345,ERR369953,raven2016a
SAMEA2162816,PRJEB4345,ERR369943,raven2016a
SAMEA2147728,PRJEB4345,ERR369949,raven2016a
SAMEA2154847,PRJEB4345,ERR375464,raven2016a
SAMEA2149920,PRJEB4346,ERR375586,raven2016a
SAMEA2161137,PRJEB4345,ERR377511,raven2016a
SAMEA1972329,PRJEB4345,ERR375344,raven2016a
SAMEA2156125,PRJEB4344,ERR374999,raven2016a
SAMEA2153602,PRJEB4344,ERR374935,raven2016a
SAMEA2152566,PRJEB4344,ERR374704,raven2016a
SAMEA2160663,PRJEB4346,ERR375584,raven2016a
SAMEA2145331,PRJEB4345,ERR370002,raven2016a
SAMEA2157625,PRJEB4345,ERR375296,raven2016a
SAMEA2149601,PRJEB4346,ERR375565,raven2016a
SAMEA2151525,PRJEB4345,ERR377482,raven2016a
SAMEA2155448,PRJEB4345,ERR369970,raven2016a
SAMEA2157173,PRJEB4344,ERR374853,raven2016a
SAMEA2154746,PRJEB4344,ERR375098,raven2016a
SAMEA2158180,PRJEB4344,ERR375185,raven2016a
SAMEA2146451,PRJEB4346,ERR375559,raven2016a
SAMEA2160540,PRJEB4344,ERR375212,raven2016a
SAMEA2151877,PRJEB4344,ERR374710,raven2016a
SAMEA2158865,PRJEB4344,ERR375202,raven2016a
SAMEA2148014,PRJEB4344,ERR374960,raven2016a
SAMEA2142897,PRJEB4344,ERR374818,raven2016a
SAMEA2163627,PRJEB4344,ERR375117,raven2016a
SAMEA2158883,PRJEB4344,ERR374946,raven2016a
SAMEA2149965,PRJEB4346,ERR375569,raven2016a
SAMEA2146134,PRJEB4344,ERR374996,raven2016a
SAMEA2160837,PRJEB4345,ERR369961,raven2016a
SAMEA2148771,PRJEB4344,ERR375125,raven2016a
SAMEA2161362,PRJEB4344,ERR374852,raven2016a
SAMEA2161102,PRJEB4344,ERR375065,raven2016a
SAMEA2145973,PRJEB4344,ERR374775,raven2016a
SAMEA2151355,PRJEB4344,ERR374948,raven2016a
SAMEA2163072,PRJEB4344,ERR375141,raven2016a
SAMEA2160386,PRJEB4345,ERR377472,raven2016a
SAMEA1965472,PRJEB4344,ERR375197,raven2016a
SAMEA2152135,PRJEB4344,ERR375186,raven2016a
SAMEA2156623,PRJEB4344,ERR375096,raven2016a
SAMEA2144364,PRJEB4344,ERR374748,raven2016a
SAMEA2146448,PRJEB4344,ERR375242,raven2016a
SAMEA2151920,PRJEB4344,ERR375139,raven2016a
SAMEA2159754,PRJEB4344,ERR374677,raven2016a
SAMEA2152018,PRJEB4344,ERR374795,raven2016a
SAMEA2158365,PRJEB4344,ERR375034,raven2016a
SAMEA2159221,PRJEB4344,ERR374975,raven2016a
SAMEA2145237,PRJEB4345,ERR375438,raven2016a
SAMEA2143678,PRJEB4344,ERR374981,raven2016a
SAMEA2153271,PRJEB4345,ERR375359,raven2016a
SAMEA2143761,PRJEB4345,ERR370017,raven2016a
SAMEA2147924,PRJEB4345,ERR375362,raven2016a
SAMEA2160742,PRJEB4344,ERR374874,raven2016a
SAMEA2145033,PRJEB4344,ERR374985,raven2016a
SAMEA2153742,PRJEB4345,ERR388713,raven2016a
SAMEA2158235,PRJEB4346,ERR375578,raven2016a
SAMEA2157324,PRJEB4345,ERR377513,raven2016a
SAMEA2148159,PRJEB4346,ERR375563,raven2016a
SAMEA2148121,PRJEB4345,ERR369959,raven2016a
SAMEA1972798,PRJEB4345,ERR369994,raven2016a
SAMEA3268912,PRJEB8647,ERR769249,zankari2013
SAMEA3268913,PRJEB8647,ERR769250,zankari2013
SAMEA3268914,PRJEB8647,ERR769251,zankari2013
SAMEA3268915,PRJEB8647,ERR769252,zankari2013
SAMEA3268916,PRJEB8647,ERR769253,zankari2013
SAMEA3268917,PRJEB8647,ERR769254,zankari2013
SAMEA3268918,PRJEB8647,ERR769255,zankari2013
SAMEA3268919,PRJEB8647,ERR769256,zankari2013
SAMEA3268920,PRJEB8647,ERR769257,zankari2013
SAMEA3268921,PRJEB8647,ERR769258,zankari2013
SAMEA3268922,PRJEB8647,ERR769259,zankari2013
SAMEA3268923,PRJEB8647,ERR769260,zankari2013
SAMEA3268924,PRJEB8647,ERR769261,zankari2013
SAMEA3268925,PRJEB8647,ERR769262,zankari2013
SAMEA3268926,PRJEB8647,ERR769263,zankari2013
SAMEA3268927,PRJEB8647,ERR769264,zankari2013
SAMEA3268928,PRJEB8647,ERR769265,zankari2013
SAMEA3268929,PRJEB8647,ERR769266,zankari2013
SAMEA3268930,PRJEB8647,ERR769267,zankari2013
SAMEA3268931,PRJEB8647,ERR769268,zankari2013
SAMEA3268932,PRJEB8647,ERR769269,zankari2013
SAMEA3268933,PRJEB8647,ERR769270,zankari2013
SAMEA3268934,PRJEB8647,ERR769271,zankari2013
SAMEA3268935,PRJEB8647,ERR769272,zankari2013
SAMEA3268936,PRJEB8647,ERR769273,zankari2013
SAMEA3268937,PRJEB8647,ERR769274,zankari2013
SAMEA3268938,PRJEB8647,ERR769275,zankari2013
SAMEA3268939,PRJEB8647,ERR769276,zankari2013
SAMEA3268940,PRJEB8647,ERR769277,zankari2013
SAMEA3268941,PRJEB8647,ERR769278,zankari2013
SAMEA3268942,PRJEB8647,ERR769279,zankari2013
SAMEA3268943,PRJEB8647,ERR769280,zankari2013
SAMEA3268944,PRJEB8647,ERR769281,zankari2013
SAMEA3268945,PRJEB8647,ERR769282,zankari2013
SAMEA3268946,PRJEB8647,ERR769283,zankari2013
SAMEA3268947,PRJEB8647,ERR769284,zankari2013
SAMEA3268948,PRJEB8647,ERR769285,zankari2013
SAMEA3268949,PRJEB8647,ERR769286,zankari2013
SAMEA3268950,PRJEB8647,ERR769287,zankari2013
SAMEA3268951,PRJEB8647,ERR769288,zankari2013
SAMEA3268952,PRJEB8647,ERR769289,zankari2013
SAMEA3268953,PRJEB8647,ERR769290,zankari2013
SAMEA3268954,PRJEB8647,ERR769291,zankari2013
SAMEA3268955,PRJEB8647,ERR769292,zankari2013
SAMEA3268956,PRJEB8647,ERR769293,zankari2013
SAMEA3268957,PRJEB8647,ERR769294,zankari2013
SAMEA3268958,PRJEB8647,ERR769295,zankari2013
SAMEA3268959,PRJEB8647,ERR769296,zankari2013
SAMEA3268960,PRJEB8647,ERR769297,zankari2013
SAMEA3268961,PRJEB8647,ERR769298,zankari2013
SAMN15957545,PRJNA630475,SRR12606465,aun2021
SAMN15957546,PRJNA630475,SRR12606464,aun2021
SAMN15957547,PRJNA630475,SRR12606463,aun2021
SAMN15957548,PRJNA630475,SRR12606462,aun2021
SAMN15957549,PRJNA630475,SRR12606461,aun2021
SAMN15957550,PRJNA630475,SRR12606460,aun2021
SAMN15957551,PRJNA630475,SRR12606459,aun2021
SAMN15957552,PRJNA630475,SRR12606458,aun2021
SAMN15957553,PRJNA630475,SRR12606456,aun2021
SAMN15957554,PRJNA630475,SRR12606455,aun2021
SAMN15957555,PRJNA630475,SRR12606454,aun2021
SAMN15957556,PRJNA630475,SRR12606453,aun2021
SAMN12082469,PRJNA541552,SRR9321133,holman2021
SAMN18529537,PRJNA541552,SRR14098051,holman2021
SAMN12082470,PRJNA541552,SRR9321132,holman2021
SAMN18529538,PRJNA541552,SRR14098050,holman2021
SAMN12082471,PRJNA541552,SRR9321131,holman2021
SAMN18529539,PRJNA541552,SRR14098049,holman2021
SAMN12082472,PRJNA541552,SRR9321130,holman2021
SAMN12082473,PRJNA541552,SRR9321125,holman2021
SAMN12082474,PRJNA541552,SRR9321124,holman2021
SAMN12082475,PRJNA541552,SRR9321137,holman2021
SAMN12082476,PRJNA541552,SRR9321136,holman2021
SAMN18529535,PRJNA541552,SRR14098053,holman2021
SAMN18529536,PRJNA541552,SRR14098052,holman2021
SAMN12082477,PRJNA541552,SRR9321139,holman2021
SAMN18529540,PRJNA541552,SRR14098048,holman2021
SAMN12082480,PRJNA541552,SRR9321140,holman2021
SAMN12082481,PRJNA541552,SRR9321143,holman2021
SAMN12082482,PRJNA541552,SRR9321142,holman2021
SAMN12082483,PRJNA541552,SRR9321135,holman2021
SAMN12082484,PRJNA541552,SRR9321134,holman2021
SAMN12082485,PRJNA541552,SRR9321160,holman2021
SAMN15957557,PRJNA630475,SRR12606452,aun2021
SAMN15957558,PRJNA630475,SRR12606451,aun2021
SAMN15957559,PRJNA630475,SRR12606450,aun2021
SAMN15957560,PRJNA630475,SRR12606449,aun2021
SAMN15957561,PRJNA630475,SRR12606448,aun2021
SAMN15957562,PRJNA630475,SRR12606447,aun2021
SAMN15957563,PRJNA630475,SRR12606445,aun2021
SAMN15957564,PRJNA630475,SRR12606444,aun2021
SAMN15957565,PRJNA630475,SRR12606443,aun2021
SAMN15957566,PRJNA630475,SRR12606442,aun2021
SAMN15957567,PRJNA630475,SRR12606441,aun2021
SAMN15957568,PRJNA630475,SRR12606440,aun2021
SAMN28025469,PRJNA833940,SRR19612307,nuesch-inderbinen2022b
SAMN28025470,PRJNA833940,SRR19612308,nuesch-inderbinen2022b
SAMN28025471,PRJNA833940,SRR19612310,nuesch-inderbinen2022b
SAMN19185855,PRJNA716986,SRR14598104,elzowalaty2023
SAMN19185856,PRJNA716986,SRR14598103,elzowalaty2023
SAMN19185857,PRJNA716986,SRR14598102,elzowalaty2023
SAMN19185858,PRJNA716986,SRR14598101,elzowalaty2023
SAMN19185859,PRJNA716986,SRR14598100,elzowalaty2023
SAMN19185860,PRJNA716986,SRR14598099,elzowalaty2023
SAMN19185861,PRJNA716986,SRR14598098,elzowalaty2023
SAMN19185864,PRJNA716986,SRR14598113,elzowalaty2023
SAMN19185865,PRJNA716986,SRR14598112,elzowalaty2023
SAMN19185866,PRJNA716986,SRR14598111,elzowalaty2023
SAMN19185867,PRJNA716986,SRR14598110,elzowalaty2023
SAMN19185868,PRJNA716986,SRR14598109,elzowalaty2023
SAMN19185870,PRJNA716986,SRR14598107,elzowalaty2023
SAMN19185871,PRJNA716986,SRR14598106,elzowalaty2023
SAMN19185872,PRJNA716986,SRR14598105,elzowalaty2023
SAMN07981901,PRJNA292665,SRR6267863,tyson2018
SAMN07981903,PRJNA292665,SRR6267861,tyson2018
SAMN07981904,PRJNA292665,SRR6267862,tyson2018
SAMN07981905,PRJNA292665,SRR6267867,tyson2018
SAMN07981906,PRJNA292665,SRR6267868,tyson2018
SAMN07981907,PRJNA292665,SRR6267865,tyson2018
SAMN07981911,PRJNA292665,SRR6267883,tyson2018
SAMN07981914,PRJNA292665,SRR6267882,tyson2018
SAMN07981917,PRJNA292665,SRR6267885,tyson2018
SAMN07981918,PRJNA292665,SRR6267886,tyson2018
SAMN07981920,PRJNA292665,SRR6267890,tyson2018
SAMN07981922,PRJNA292665,SRR6267845,tyson2018
SAMN07981924,PRJNA292665,SRR6267843,tyson2018
SAMN07981926,PRJNA292665,SRR6267849,tyson2018
SAMN07981929,PRJNA292665,SRR6267842,tyson2018
SAMN07981930,PRJNA292665,SRR6267841,tyson2018
SAMN07981931,PRJNA292665,SRR6267855,tyson2018
SAMN07981932,PRJNA292665,SRR6267856,tyson2018
SAMN07981934,PRJNA292665,SRR6267858,tyson2018
SAMN07981935,PRJNA292665,SRR6267851,tyson2018
SAMN07981936,PRJNA292665,SRR6267852,tyson2018
SAMN07981938,PRJNA292665,SRR6267854,tyson2018
SAMN07981944,PRJNA292665,SRR6267828,tyson2018
SAMN07981946,PRJNA292665,SRR6267822,tyson2018
SAMN07981947,PRJNA292665,SRR6267825,tyson2018
SAMN07981952,PRJNA292665,SRR6267839,tyson2018
SAMN07981954,PRJNA292665,SRR6267837,tyson2018
SAMN07981955,PRJNA292665,SRR6267834,tyson2018
SAMN07981959,PRJNA292665,SRR6267830,tyson2018
SAMN07981964,PRJNA292665,SRR6267905,tyson2018
SAMN07981967,PRJNA292665,SRR6267902,tyson2018
SAMN07981969,PRJNA292665,SRR6267910,tyson2018
SAMN07981971,PRJNA292665,SRR6267911,tyson2018
SAMN07981972,PRJNA292665,SRR6267912,tyson2018
SAMN07981973,PRJNA292665,SRR6267913,tyson2018
SAMN07981974,PRJNA292665,SRR6267914,tyson2018
SAMN07981977,PRJNA292665,SRR6267917,tyson2018
SAMN07981980,PRJNA292665,SRR6267920,tyson2018
SAMN07981981,PRJNA292665,SRR6267874,tyson2018
SAMN07981982,PRJNA292665,SRR6267873,tyson2018
SAMN07981983,PRJNA292665,SRR6267876,tyson2018
SAMN07981984,PRJNA292665,SRR6267875,tyson2018
SAMN07981986,PRJNA292665,SRR6267877,tyson2018
SAMN07981988,PRJNA292665,SRR6267879,tyson2018
SAMN07981989,PRJNA292665,SRR6267872,tyson2018
SAMN07981995,PRJNA292665,SRR6267899,tyson2018
SAMN07981997,PRJNA292665,SRR6267897,tyson2018
SAMN07981998,PRJNA292665,SRR6267898,tyson2018
SAMN07981999,PRJNA292665,SRR6267891,tyson2018
SAMN07982001,PRJNA292665,SRR6267840,tyson2018
SAMN07982002,PRJNA292669,SRR6267252,tyson2018
SAMN07982003,PRJNA292669,SRR6267253,tyson2018
SAMN07982006,PRJNA292669,SRR6267256,tyson2018
SAMN07982007,PRJNA292669,SRR6267257,tyson2018
SAMN07982008,PRJNA292669,SRR6267254,tyson2018
SAMN07982009,PRJNA292669,SRR6267255,tyson2018
SAMN07982010,PRJNA292669,SRR6267248,tyson2018
SAMN07982011,PRJNA292669,SRR6267249,tyson2018
SAMN07982014,PRJNA292669,SRR6267191,tyson2018
SAMN07982018,PRJNA292669,SRR6267195,tyson2018
SAMN07982019,PRJNA292669,SRR6267196,tyson2018
SAMN07982020,PRJNA292669,SRR6267189,tyson2018
SAMN07982025,PRJNA292669,SRR6267169,tyson2018
SAMN07982027,PRJNA292669,SRR6267175,tyson2018
SAMN07982028,PRJNA292669,SRR6267174,tyson2018
SAMN07982029,PRJNA292669,SRR6267173,tyson2018
SAMN07982032,PRJNA292669,SRR6267185,tyson2018
SAMN07982034,PRJNA292669,SRR6267187,tyson2018
SAMN07982035,PRJNA292669,SRR6267188,tyson2018
SAMN07982036,PRJNA292669,SRR6267181,tyson2018
SAMN07982037,PRJNA292669,SRR6267182,tyson2018
SAMN07982038,PRJNA292669,SRR6267183,tyson2018
SAMN07982039,PRJNA292669,SRR6267184,tyson2018
SAMN07982040,PRJNA292669,SRR6267179,tyson2018
SAMN07982043,PRJNA292669,SRR6267242,tyson2018
SAMN07982045,PRJNA292669,SRR6267244,tyson2018
SAMN07982052,PRJNA292669,SRR6267264,tyson2018
SAMN07982053,PRJNA292669,SRR6267265,tyson2018
SAMN07982054,PRJNA292669,SRR6267262,tyson2018
SAMN07982055,PRJNA292669,SRR6267263,tyson2018
SAMN07982056,PRJNA292669,SRR6267260,tyson2018
SAMN07982057,PRJNA292669,SRR6267261,tyson2018
SAMN07982059,PRJNA292669,SRR6267259,tyson2018
SAMN07982061,PRJNA292669,SRR6267267,tyson2018
SAMN07982062,PRJNA292669,SRR6267218,tyson2018
SAMN07982066,PRJNA292669,SRR6267214,tyson2018
SAMN07982067,PRJNA292669,SRR6267213,tyson2018
SAMN07982070,PRJNA292669,SRR6267210,tyson2018
SAMN07982071,PRJNA292669,SRR6267209,tyson2018
SAMN07982075,PRJNA292669,SRR6267233,tyson2018
SAMN07982076,PRJNA292669,SRR6267234,tyson2018
SAMN07982077,PRJNA292669,SRR6267235,tyson2018
SAMN07982083,PRJNA292669,SRR6267199,tyson2018
SAMN07982084,PRJNA292669,SRR6267202,tyson2018
SAMN07982085,PRJNA292669,SRR6267201,tyson2018
SAMN07982093,PRJNA292669,SRR6267222,tyson2018
SAMN07982096,PRJNA292669,SRR6267225,tyson2018
SAMEA2161723,PRJEB4344,ERR374819,raven2016a
SAMEA2160223,PRJEB4346,ERR375590,raven2016a
SAMEA2153664,PRJEB4345,ERR375292,raven2016a
SAMEA2151841,PRJEB4346,ERR375592,raven2016a
SAMEA2142776,PRJEB4345,ERR375536,raven2016a
SAMEA2148054,PRJEB4344,ERR375282,raven2016a
SAMEA2151932,PRJEB4345,ERR369947,raven2016a
SAMEA2161428,PRJEB4346,ERR375598,raven2016a
SAMEA2149331,PRJEB4344,ERR374659,raven2016a
SAMEA2161769,PRJEB4345,ERR369938,raven2016a
SAMEA2153282,PRJEB4345,ERR375294,raven2016a
SAMEA2142389,PRJEB4344,ERR375058,raven2016a
SAMEA2143677,PRJEB4346,ERR375591,raven2016a
SAMEA2154682,PRJEB4345,ERR377470,raven2016a
SAMN12082487,PRJNA541552,SRR9321162,holman2021
SAMN12082489,PRJNA541552,SRR9321156,holman2021
SAMN12082490,PRJNA541552,SRR9321157,holman2021
SAMN12082491,PRJNA541552,SRR9321158,holman2021
SAMN18529543,PRJNA541552,SRR14098043,holman2021
SAMN12082492,PRJNA541552,SRR9321159,holman2021
SAMN18529544,PRJNA541552,SRR14098054,holman2021
SAMN12082493,PRJNA541552,SRR9321154,holman2021
SAMN12082495,PRJNA541552,SRR9321147,holman2021
SAMN12082496,PRJNA541552,SRR9321146,holman2021
SAMN12082497,PRJNA541552,SRR9321145,holman2021
SAMN12082498,PRJNA541552,SRR9321144,holman2021
SAMN12082499,PRJNA541552,SRR9321151,holman2021
SAMN12082500,PRJNA541552,SRR9321150,holman2021
SAMEA6595200,PRJEB36950,ERR3959021;ERR3959027,mchugh2022
SAMEA6595200,PRJEB36950,ERR3959021;ERR3959027,mchugh2022
SAMEA6595200,PRJEB36950,ERR3959021;ERR3959027,mchugh2022
SAMEA6595200,PRJEB36950,ERR3959021;ERR3959027,mchugh2022
SAMD00211632,PRJDB9498,DRR216673,harada2020
SAMD00211633,PRJDB9498,DRR216674,harada2020
SAMD00211634,PRJDB9498,DRR216675,harada2020
SAMD00211635,PRJDB9498,DRR216676,harada2020
SAMD00211636,PRJDB9498,DRR216677,harada2020
SAMD00211637,PRJDB9498,DRR216678,harada2020
SAMD00211638,PRJDB9498,DRR216679,harada2020
SAMD00211639,PRJDB9498,DRR216680,harada2020
SAMD00211640,PRJDB9498,DRR216681,harada2020
SAMD00211641,PRJDB9498,DRR216682,harada2020
SAMD00211642,PRJDB9498,DRR216683,harada2020
SAMD00211643,PRJDB9498,DRR216684,harada2020
SAMD00211644,PRJDB9498,DRR216685,harada2020
SAMD00211645,PRJDB9498,DRR216686,harada2020
SAMD00211646,PRJDB9498,DRR216687,harada2020
SAMD00211647,PRJDB9498,DRR216688,harada2020
SAMD00211648,PRJDB9498,DRR216689,harada2020
SAMD00211649,PRJDB9498,DRR216690,harada2020
SAMD00211650,PRJDB9498,DRR216691,harada2020
SAMD00211651,PRJDB9498,DRR216692,harada2020
SAMD00211652,PRJDB9498,DRR216693,harada2020
SAMD00211653,PRJDB9498,DRR216694,harada2020
SAMN16826729,PRJNA670413,SRR13080469,timmermans2021
SAMN16495207,PRJNA670413,SRR12858205,timmermans2021
SAMN16495208,PRJNA670413,SRR12858204,timmermans2021
SAMN16495211,PRJNA670413,SRR12858196,timmermans2021
SAMN16495213,PRJNA670413,SRR12858174,timmermans2021
SAMN16495214,PRJNA670413,SRR12858163,timmermans2021
SAMN16495220,PRJNA670413,SRR12858099,timmermans2021
SAMN16495221,PRJNA670413,SRR12858088,timmermans2021
SAMN16495222,PRJNA670413,SRR12858080,timmermans2021
SAMN16495229,PRJNA670413,SRR12858072,timmermans2021
SAMN16495230,PRJNA670413,SRR12858071,timmermans2021
SAMN16495231,PRJNA670413,SRR12858070,timmermans2021
SAMN16495232,PRJNA670413,SRR12858069,timmermans2021
SAMN16495233,PRJNA670413,SRR12858068,timmermans2021
SAMN16495234,PRJNA670413,SRR12858067,timmermans2021
SAMN16495235,PRJNA670413,SRR12858066,timmermans2021
SAMN16495237,PRJNA670413,SRR12858063,timmermans2021
SAMN16495238,PRJNA670413,SRR12858062,timmermans2021
SAMN16495239,PRJNA670413,SRR12858061,timmermans2021
SAMN16495244,PRJNA670413,SRR12858199,timmermans2021
SAMN16495246,PRJNA670413,SRR12858197,timmermans2021
SAMN16495247,PRJNA670413,SRR12858195,timmermans2021
SAMN16495248,PRJNA670413,SRR12858194,timmermans2021
SAMN16495249,PRJNA670413,SRR12858193,timmermans2021
SAMN16495251,PRJNA670413,SRR12858191,timmermans2021
SAMN16495253,PRJNA670413,SRR12858189,timmermans2021
SAMN16495254,PRJNA670413,SRR12858188,timmermans2021
SAMN16495255,PRJNA670413,SRR12858187,timmermans2021
SAMN16495256,PRJNA670413,SRR12858186,timmermans2021
SAMN16495258,PRJNA670413,SRR12858183,timmermans2021
SAMN16495262,PRJNA670413,SRR12858179,timmermans2021
SAMN16495265,PRJNA670413,SRR12858176,timmermans2021
SAMN16495266,PRJNA670413,SRR12858175,timmermans2021
SAMN16495267,PRJNA670413,SRR12858173,timmermans2021
SAMN16495268,PRJNA670413,SRR12858172,timmermans2021
SAMN16495272,PRJNA670413,SRR12858168,timmermans2021
SAMN16495273,PRJNA670413,SRR12858167,timmermans2021
SAMN16495274,PRJNA670413,SRR12858166,timmermans2021
SAMN16495275,PRJNA670413,SRR12858165,timmermans2021
SAMN16495276,PRJNA670413,SRR12858164,timmermans2021
SAMN16495277,PRJNA670413,SRR12858162,timmermans2021
SAMN16495278,PRJNA670413,SRR12858161,timmermans2021
SAMN16495283,PRJNA670413,SRR12858156,timmermans2021
SAMN16495285,PRJNA670413,SRR12858154,timmermans2021
SAMN16495286,PRJNA670413,SRR12858153,timmermans2021
SAMN16495287,PRJNA670413,SRR12858151,timmermans2021
SAMN16495291,PRJNA670413,SRR12858147,timmermans2021
SAMN16495293,PRJNA670413,SRR12858145,timmermans2021
SAMN16495297,PRJNA670413,SRR12858140,timmermans2021
SAMN16495300,PRJNA670413,SRR12858137,timmermans2021
SAMN16495302,PRJNA670413,SRR12858135,timmermans2021
SAMN16495303,PRJNA670413,SRR12858134,timmermans2021
SAMN16495305,PRJNA670413,SRR12858132,timmermans2021
SAMN16495308,PRJNA670413,SRR12858131,timmermans2021
SAMN16495310,PRJNA670413,SRR12858128,timmermans2021
SAMN16495314,PRJNA670413,SRR12858124,timmermans2021
SAMN16495315,PRJNA670413,SRR12858123,timmermans2021
SAMN16495317,PRJNA670413,SRR12858120,timmermans2021
SAMN16495320,PRJNA670413,SRR12858117,timmermans2021
SAMN16495323,PRJNA670413,SRR12858114,timmermans2021
SAMN16495324,PRJNA670413,SRR12858113,timmermans2021
SAMN16495325,PRJNA670413,SRR12858112,timmermans2021
SAMN16495326,PRJNA670413,SRR12858111,timmermans2021
SAMN16495327,PRJNA670413,SRR12858109,timmermans2021
SAMN16495328,PRJNA670413,SRR12858108,timmermans2021
SAMN16495329,PRJNA670413,SRR12858107,timmermans2021
SAMN16495332,PRJNA670413,SRR12858104,timmermans2021
SAMN16495333,PRJNA670413,SRR12858103,timmermans2021
SAMN16495334,PRJNA670413,SRR12858102,timmermans2021
SAMN16495335,PRJNA670413,SRR12858101,timmermans2021
SAMN16495336,PRJNA670413,SRR12858100,timmermans2021
SAMN16495339,PRJNA670413,SRR12858096,timmermans2021
SAMN16495342,PRJNA670413,SRR12858093,timmermans2021
SAMN16495343,PRJNA670413,SRR12858092,timmermans2021
SAMN16495345,PRJNA670413,SRR12858090,timmermans2021
SAMN16495347,PRJNA670413,SRR12858087,timmermans2021
SAMN16495351,PRJNA670413,SRR12858083,timmermans2021
SAMN16495352,PRJNA670413,SRR12858082,timmermans2021
SAMN16826733,PRJNA670413,SRR13080473,timmermans2021
SAMN16826734,PRJNA670413,SRR13080472,timmermans2021
SAMN15957569,PRJNA630475,SRR12606439,aun2021
SAMN15957570,PRJNA630475,SRR12606438,aun2021
SAMN15957571,PRJNA630475,SRR12606437,aun2021
SAMN15957572,PRJNA630475,SRR12606436,aun2021
SAMN15957573,PRJNA630475,SRR12606434,aun2021
SAMN15957574,PRJNA630475,SRR12606433,aun2021
SAMN15957575,PRJNA630475,SRR12606432,aun2021
SAMN15957576,PRJNA630475,SRR12606431,aun2021
SAMN15957577,PRJNA630475,SRR12606430,aun2021
SAMN15957578,PRJNA630475,SRR12606429,aun2021
SAMN15957579,PRJNA630475,SRR12606428,aun2021
SAMN15957580,PRJNA630475,SRR12606427,aun2021
SAMN15957581,PRJNA630475,SRR12606426,aun2021
SAMN15957582,PRJNA630475,SRR12606425,aun2021
SAMN15957583,PRJNA630475,SRR12606423,aun2021
SAMN15957584,PRJNA630475,SRR12606422,aun2021
SAMN15957585,PRJNA630475,SRR12606421,aun2021
SAMN15957586,PRJNA630475,SRR12606420,aun2021
SAMN15957587,PRJNA630475,SRR12606419,aun2021
SAMN15957588,PRJNA630475,SRR12606418,aun2021
SAMN15957589,PRJNA630475,SRR12606417,aun2021
SAMN15957590,PRJNA630475,SRR12606416,aun2021
SAMN15957591,PRJNA630475,SRR12606415,aun2021
SAMN15957592,PRJNA630475,SRR12606414,aun2021
SAMN15957593,PRJNA630475,SRR12606412,aun2021
SAMN15957594,PRJNA630475,SRR12606411,aun2021
SAMN15957595,PRJNA630475,SRR12606410,aun2021
SAMN15957596,PRJNA630475,SRR12606409,aun2021
SAMN15957597,PRJNA630475,SRR12606408,aun2021
SAMN15957598,PRJNA630475,SRR12606407,aun2021
SAMN15957599,PRJNA630475,SRR12606406,aun2021
SAMN15957600,PRJNA630475,SRR12606405,aun2021
SAMN15957601,PRJNA630475,SRR12606404,aun2021
SAMN15957602,PRJNA630475,SRR12606403,aun2021
SAMN15957603,PRJNA630475,SRR12606401,aun2021
SAMN15957604,PRJNA630475,SRR12606400,aun2021
SAMN15957605,PRJNA630475,SRR12606399,aun2021
SAMN15957606,PRJNA630475,SRR12606398,aun2021
SAMN15957607,PRJNA630475,SRR12606397,aun2021
SAMN15957608,PRJNA630475,SRR12606396,aun2021
SAMN15957609,PRJNA630475,SRR12606395,aun2021
SAMN15957610,PRJNA630475,SRR12606394,aun2021
SAMN15957611,PRJNA630475,SRR12606393,aun2021
SAMN15957612,PRJNA630475,SRR12606392,aun2021
SAMN15957613,PRJNA630475,SRR12606390,aun2021
SAMN15957614,PRJNA630475,SRR12606389,aun2021
SAMN15957615,PRJNA630475,SRR12606388,aun2021
SAMN15957616,PRJNA630475,SRR12606387,aun2021
SAMN15957617,PRJNA630475,SRR12606386,aun2021
SAMN12082501,PRJNA541552,SRR9321149,holman2021
SAMN12082502,PRJNA541552,SRR9321148,holman2021
SAMN12082505,PRJNA541552,SRR9321122,holman2021
SAMN12082506,PRJNA541552,SRR9321123,holman2021
SAMN12082507,PRJNA541552,SRR9321121,holman2021
SAMEA6595198,PRJEB36950,ERR3959022;ERR3959028,mchugh2022
SAMEA6595198,PRJEB36950,ERR3959022;ERR3959028,mchugh2022
SAMEA6595198,PRJEB36950,ERR3959022;ERR3959028,mchugh2022
SAMEA6595198,PRJEB36950,ERR3959022;ERR3959028,mchugh2022
SAMEA6595199,PRJEB36950,ERR3959023;ERR3959029,mchugh2022
SAMEA6595199,PRJEB36950,ERR3959023;ERR3959029,mchugh2022
SAMEA6595199,PRJEB36950,ERR3959023;ERR3959029,mchugh2022
SAMEA6595199,PRJEB36950,ERR3959023;ERR3959029,mchugh2022
SAMEA6595197,PRJEB36950,ERR3959024;ERR3959030,mchugh2022
SAMEA6595197,PRJEB36950,ERR3959024;ERR3959030,mchugh2022
SAMEA6595197,PRJEB36950,ERR3959024;ERR3959030,mchugh2022
SAMEA6595197,PRJEB36950,ERR3959024;ERR3959030,mchugh2022
SAMN19195851,PRJNA729754,,westbrook2024
SAMN19195852,PRJNA729754,,westbrook2024
SAMN19195853,PRJNA729754,,westbrook2024
SAMN32165535,PRJNA729754,,westbrook2024
SAMN32165536,PRJNA729754,,westbrook2024
SAMN32165537,PRJNA729754,,westbrook2024
SAMN32165538,PRJNA729754,,westbrook2024
SAMN32165539,PRJNA729754,,westbrook2024
SAMN32165540,PRJNA729754,,westbrook2024
SAMN32165541,PRJNA729754,,westbrook2024
SAMN32165542,PRJNA729754,,westbrook2024
SAMN32165543,PRJNA729754,,westbrook2024
SAMN32165544,PRJNA729754,,westbrook2024
SAMN32165545,PRJNA729754,,westbrook2024
SAMN32165546,PRJNA729754,,westbrook2024
SAMN32165547,PRJNA729754,,westbrook2024
SAMN32165548,PRJNA729754,,westbrook2024
SAMN32165549,PRJNA729754,,westbrook2024
SAMN32165550,PRJNA729754,,westbrook2024
SAMN32165551,PRJNA729754,,westbrook2024
SAMN32165552,PRJNA729754,,westbrook2024
SAMN32165553,PRJNA729754,,westbrook2024
SAMN32165554,PRJNA729754,,westbrook2024
SAMN32165555,PRJNA729754,,westbrook2024
SAMN32165556,PRJNA729754,,westbrook2024
SAMN32165557,PRJNA729754,,westbrook2024
SAMN32165558,PRJNA729754,,westbrook2024
SAMN32165559,PRJNA729754,,westbrook2024
SAMN32165560,PRJNA729754,,westbrook2024
SAMN32165561,PRJNA729754,,westbrook2024
SAMN19195820,PRJNA729754,,westbrook2024
SAMN19195821,PRJNA729754,,westbrook2024
SAMN19195822,PRJNA729754,,westbrook2024
SAMN19195823,PRJNA729754,,westbrook2024
SAMN19195824,PRJNA729754,,westbrook2024
SAMN19195825,PRJNA729754,,westbrook2024
SAMN19195826,PRJNA729754,,westbrook2024
SAMN19195827,PRJNA729754,,westbrook2024
SAMN19195828,PRJNA729754,,westbrook2024
SAMN19195829,PRJNA729754,,westbrook2024
SAMN19195830,PRJNA729754,,westbrook2024
SAMN19195831,PRJNA729754,,westbrook2024
SAMN19195832,PRJNA729754,,westbrook2024
SAMN19195833,PRJNA729754,,westbrook2024
SAMN19195834,PRJNA729754,,westbrook2024
SAMN19195835,PRJNA729754,,westbrook2024
SAMN19195836,PRJNA729754,,westbrook2024
SAMN19195837,PRJNA729754,,westbrook2024
SAMN19195838,PRJNA729754,,westbrook2024
SAMN19195839,PRJNA729754,,westbrook2024
SAMN19195840,PRJNA729754,,westbrook2024
SAMN19195841,PRJNA729754,,westbrook2024
SAMN19195842,PRJNA729754,,westbrook2024
SAMN19195843,PRJNA729754,,westbrook2024
SAMN19195844,PRJNA729754,,westbrook2024
SAMN19195845,PRJNA729754,,westbrook2024
SAMN19195846,PRJNA729754,,westbrook2024
SAMN19195847,PRJNA729754,,westbrook2024
SAMN19195848,PRJNA729754,,westbrook2024
SAMN19195850,PRJNA729754,,westbrook2024
SAMN13999644,PRJNA604849,,zaheer2020
SAMN13999928,PRJNA604849,,zaheer2020
SAMN13999928,PRJNA604849,,zaheer2020
SAMN13999928,PRJNA604849,,zaheer2020
SAMN13999928,PRJNA604849,,zaheer2020
SAMN14000017,PRJNA604849,,zaheer2020
SAMN14000017,PRJNA604849,,zaheer2020
SAMN13999929,PRJNA604849,,zaheer2020
SAMN13999929,PRJNA604849,,zaheer2020
SAMN13999930,PRJNA604849,,zaheer2020
SAMN13999930,PRJNA604849,,zaheer2020
SAMN13999931,PRJNA604849,,zaheer2020
SAMN13999931,PRJNA604849,,zaheer2020
SAMN13999932,PRJNA604849,,zaheer2020
SAMN13999932,PRJNA604849,,zaheer2020
SAMN13999933,PRJNA604849,,zaheer2020
SAMN13999933,PRJNA604849,,zaheer2020
SAMN13999949,PRJNA604849,,zaheer2020
SAMN13999949,PRJNA604849,,zaheer2020
SAMN13999934,PRJNA604849,,zaheer2020
SAMN13999934,PRJNA604849,,zaheer2020
SAMN13999670,PRJNA604849,,zaheer2020
SAMN13999935,PRJNA604849,,zaheer2020
SAMN13999935,PRJNA604849,,zaheer2020
SAMN13999936,PRJNA604849,,zaheer2020
SAMN13999936,PRJNA604849,,zaheer2020
SAMN13999938,PRJNA604849,,zaheer2020
SAMN13999938,PRJNA604849,,zaheer2020
SAMN13999939,PRJNA604849,,zaheer2020
SAMN13999939,PRJNA604849,,zaheer2020
SAMN13999940,PRJNA604849,,zaheer2020
SAMN13999940,PRJNA604849,,zaheer2020
SAMN13999941,PRJNA604849,,zaheer2020
SAMN13999941,PRJNA604849,,zaheer2020
SAMN13999942,PRJNA604849,,zaheer2020
SAMN13999942,PRJNA604849,,zaheer2020
SAMN13999943,PRJNA604849,,zaheer2020
SAMN13999943,PRJNA604849,,zaheer2020
SAMN13999944,PRJNA604849,,zaheer2020
SAMN13999944,PRJNA604849,,zaheer2020
SAMN13999945,PRJNA604849,,zaheer2020
SAMN13999945,PRJNA604849,,zaheer2020
SAMN13999946,PRJNA604849,,zaheer2020
SAMN13999946,PRJNA604849,,zaheer2020
SAMN13999951,PRJNA604849,,zaheer2020
SAMN13999951,PRJNA604849,,zaheer2020
SAMN13999952,PRJNA604849,,zaheer2020
SAMN13999952,PRJNA604849,,zaheer2020
SAMN14000223,PRJNA604849,,zaheer2020
SAMN13999671,PRJNA604849,,zaheer2020
SAMN13999899,PRJNA604849,,zaheer2020
SAMN13999899,PRJNA604849,,zaheer2020
SAMN13999898,PRJNA604849,,zaheer2020
SAMN13999898,PRJNA604849,,zaheer2020
SAMN13999900,PRJNA604849,,zaheer2020
SAMN13999900,PRJNA604849,,zaheer2020
SAMN13999901,PRJNA604849,,zaheer2020
SAMN13999901,PRJNA604849,,zaheer2020
SAMN13999902,PRJNA604849,,zaheer2020
SAMN13999902,PRJNA604849,,zaheer2020
SAMN13999903,PRJNA604849,,zaheer2020
SAMN13999903,PRJNA604849,,zaheer2020
SAMN13999905,PRJNA604849,,zaheer2020
SAMN13999905,PRJNA604849,,zaheer2020
SAMN13999906,PRJNA604849,,zaheer2020
SAMN13999906,PRJNA604849,,zaheer2020
SAMN13999907,PRJNA604849,,zaheer2020
SAMN13999907,PRJNA604849,,zaheer2020
SAMN13999908,PRJNA604849,,zaheer2020
SAMN13999908,PRJNA604849,,zaheer2020
SAMN13999909,PRJNA604849,,zaheer2020
SAMN13999909,PRJNA604849,,zaheer2020
SAMN13999910,PRJNA604849,,zaheer2020
SAMN13999910,PRJNA604849,,zaheer2020
SAMN13999911,PRJNA604849,,zaheer2020
SAMN13999911,PRJNA604849,,zaheer2020
SAMN13999912,PRJNA604849,,zaheer2020
SAMN13999912,PRJNA604849,,zaheer2020
SAMN13999913,PRJNA604849,,zaheer2020
SAMN13999913,PRJNA604849,,zaheer2020
SAMN13999914,PRJNA604849,,zaheer2020
SAMN13999914,PRJNA604849,,zaheer2020
SAMN13999915,PRJNA604849,,zaheer2020
SAMN13999915,PRJNA604849,,zaheer2020
SAMN13999916,PRJNA604849,,zaheer2020
SAMN13999916,PRJNA604849,,zaheer2020
SAMN13999917,PRJNA604849,,zaheer2020
SAMN13999917,PRJNA604849,,zaheer2020
SAMN13999918,PRJNA604849,,zaheer2020
SAMN13999918,PRJNA604849,,zaheer2020
SAMN13999919,PRJNA604849,,zaheer2020
SAMN13999919,PRJNA604849,,zaheer2020
SAMN13999947,PRJNA604849,,zaheer2020
SAMN13999947,PRJNA604849,,zaheer2020
SAMN13999920,PRJNA604849,,zaheer2020
SAMN13999920,PRJNA604849,,zaheer2020
SAMN13999921,PRJNA604849,,zaheer2020
SAMN13999921,PRJNA604849,,zaheer2020
SAMN13999922,PRJNA604849,,zaheer2020
SAMN13999922,PRJNA604849,,zaheer2020
SAMN13999948,PRJNA604849,,zaheer2020
SAMN13999948,PRJNA604849,,zaheer2020
SAMN13999925,PRJNA604849,,zaheer2020
SAMN13999925,PRJNA604849,,zaheer2020
SAMN13999926,PRJNA604849,,zaheer2020
SAMN13999926,PRJNA604849,,zaheer2020
SAMN13999927,PRJNA604849,,zaheer2020
SAMN13999927,PRJNA604849,,zaheer2020
SAMN13999840,PRJNA604849,,zaheer2020
SAMN13999840,PRJNA604849,,zaheer2020
SAMN13999846,PRJNA604849,,zaheer2020
SAMN13999846,PRJNA604849,,zaheer2020
SAMN13999847,PRJNA604849,,zaheer2020
SAMN13999847,PRJNA604849,,zaheer2020
SAMN13999848,PRJNA604849,,zaheer2020
SAMN13999848,PRJNA604849,,zaheer2020
SAMN13999849,PRJNA604849,,zaheer2020
SAMN13999849,PRJNA604849,,zaheer2020
SAMN13999850,PRJNA604849,,zaheer2020
SAMN13999850,PRJNA604849,,zaheer2020
SAMN13999851,PRJNA604849,,zaheer2020
SAMN13999851,PRJNA604849,,zaheer2020
SAMN13999852,PRJNA604849,,zaheer2020
SAMN13999852,PRJNA604849,,zaheer2020
SAMN13999853,PRJNA604849,,zaheer2020
SAMN13999853,PRJNA604849,,zaheer2020
SAMN13999854,PRJNA604849,,zaheer2020
SAMN13999854,PRJNA604849,,zaheer2020
SAMN13999855,PRJNA604849,,zaheer2020
SAMN13999855,PRJNA604849,,zaheer2020
SAMN13999856,PRJNA604849,,zaheer2020
SAMN13999856,PRJNA604849,,zaheer2020
SAMN13999858,PRJNA604849,,zaheer2020
SAMN13999858,PRJNA604849,,zaheer2020
SAMN13999859,PRJNA604849,,zaheer2020
SAMN13999859,PRJNA604849,,zaheer2020
SAMN13999860,PRJNA604849,,zaheer2020
SAMN13999860,PRJNA604849,,zaheer2020
SAMN13999672,PRJNA604849,,zaheer2020
SAMN13999841,PRJNA604849,,zaheer2020
SAMN13999841,PRJNA604849,,zaheer2020
SAMN13999842,PRJNA604849,,zaheer2020
SAMN13999842,PRJNA604849,,zaheer2020
SAMN13999677,PRJNA604849,,zaheer2020
SAMN13999679,PRJNA604849,,zaheer2020
SAMN13999885,PRJNA604849,,zaheer2020
SAMN13999885,PRJNA604849,,zaheer2020
SAMN13999886,PRJNA604849,,zaheer2020
SAMN13999886,PRJNA604849,,zaheer2020
SAMN13999680,PRJNA604849,,zaheer2020
SAMN13999681,PRJNA604849,,zaheer2020
SAMN13999887,PRJNA604849,,zaheer2020
SAMN13999887,PRJNA604849,,zaheer2020
SAMN13999888,PRJNA604849,,zaheer2020
SAMN13999888,PRJNA604849,,zaheer2020
SAMN13999889,PRJNA604849,,zaheer2020
SAMN13999889,PRJNA604849,,zaheer2020
SAMN13999682,PRJNA604849,,zaheer2020
SAMN13999890,PRJNA604849,,zaheer2020
SAMN13999890,PRJNA604849,,zaheer2020
SAMN13999891,PRJNA604849,,zaheer2020
SAMN13999891,PRJNA604849,,zaheer2020
SAMN13999892,PRJNA604849,,zaheer2020
SAMN13999892,PRJNA604849,,zaheer2020
SAMN13999893,PRJNA604849,,zaheer2020
SAMN13999893,PRJNA604849,,zaheer2020
SAMN13999894,PRJNA604849,,zaheer2020
SAMN13999894,PRJNA604849,,zaheer2020
SAMN13999895,PRJNA604849,,zaheer2020
SAMN13999895,PRJNA604849,,zaheer2020
SAMN13999863,PRJNA604849,,zaheer2020
SAMN13999863,PRJNA604849,,zaheer2020
SAMN13999864,PRJNA604849,,zaheer2020
SAMN13999864,PRJNA604849,,zaheer2020
SAMN13999865,PRJNA604849,,zaheer2020
SAMN13999865,PRJNA604849,,zaheer2020
SAMN13999866,PRJNA604849,,zaheer2020
SAMN13999866,PRJNA604849,,zaheer2020
SAMN13999867,PRJNA604849,,zaheer2020
SAMN13999867,PRJNA604849,,zaheer2020
SAMN13999896,PRJNA604849,,zaheer2020
SAMN13999896,PRJNA604849,,zaheer2020
SAMN13999678,PRJNA604849,,zaheer2020
SAMN13999868,PRJNA604849,,zaheer2020
SAMN13999868,PRJNA604849,,zaheer2020
SAMN13999869,PRJNA604849,,zaheer2020
SAMN13999869,PRJNA604849,,zaheer2020
SAMN13999870,PRJNA604849,,zaheer2020
SAMN13999870,PRJNA604849,,zaheer2020
SAMN13999871,PRJNA604849,,zaheer2020
SAMN13999871,PRJNA604849,,zaheer2020
SAMN13999872,PRJNA604849,,zaheer2020
SAMN13999872,PRJNA604849,,zaheer2020
SAMN13999874,PRJNA604849,,zaheer2020
SAMN13999874,PRJNA604849,,zaheer2020
SAMN13999875,PRJNA604849,,zaheer2020
SAMN13999875,PRJNA604849,,zaheer2020
SAMN13999879,PRJNA604849,,zaheer2020
SAMN13999879,PRJNA604849,,zaheer2020
SAMN13999878,PRJNA604849,,zaheer2020
SAMN13999878,PRJNA604849,,zaheer2020
SAMN13999880,PRJNA604849,,zaheer2020
SAMN13999880,PRJNA604849,,zaheer2020
SAMN13999881,PRJNA604849,,zaheer2020
SAMN13999881,PRJNA604849,,zaheer2020
SAMN13999883,PRJNA604849,,zaheer2020
SAMN13999883,PRJNA604849,,zaheer2020
SAMN13999884,PRJNA604849,,zaheer2020
SAMN13999884,PRJNA604849,,zaheer2020
SAMN13999882,PRJNA604849,,zaheer2020
SAMN13999882,PRJNA604849,,zaheer2020
SAMN13999861,PRJNA604849,,zaheer2020
SAMN13999861,PRJNA604849,,zaheer2020
SAMN13999862,PRJNA604849,,zaheer2020
SAMN13999862,PRJNA604849,,zaheer2020
SAMN13999674,PRJNA604849,,zaheer2020
SAMN13999673,PRJNA604849,,zaheer2020
SAMN13999675,PRJNA604849,,zaheer2020
SAMN13999676,PRJNA604849,,zaheer2020
SAMN13999645,PRJNA604849,,zaheer2020
SAMN13999646,PRJNA604849,,zaheer2020
SAMN13999647,PRJNA604849,,zaheer2020
SAMN13999648,PRJNA604849,,zaheer2020
SAMN13999652,PRJNA604849,,zaheer2020
SAMN13999653,PRJNA604849,,zaheer2020
SAMN13999649,PRJNA604849,,zaheer2020
SAMN13999650,PRJNA604849,,zaheer2020
SAMN13999654,PRJNA604849,,zaheer2020
SAMN13999651,PRJNA604849,,zaheer2020
SAMN13999655,PRJNA604849,,zaheer2020
SAMN13999656,PRJNA604849,,zaheer2020
SAMN13999657,PRJNA604849,,zaheer2020
SAMN13999661,PRJNA604849,,zaheer2020
SAMN13999662,PRJNA604849,,zaheer2020
SAMN13999663,PRJNA604849,,zaheer2020
SAMN13999664,PRJNA604849,,zaheer2020
SAMN13999665,PRJNA604849,,zaheer2020
SAMN13999666,PRJNA604849,,zaheer2020
SAMN13999667,PRJNA604849,,zaheer2020
SAMN13999658,PRJNA604849,,zaheer2020
SAMN13999659,PRJNA604849,,zaheer2020
SAMN13999660,PRJNA604849,,zaheer2020
SAMN13999668,PRJNA604849,,zaheer2020
SAMN13999669,PRJNA604849,,zaheer2020
SAMN13999611,PRJNA604849,,zaheer2020
SAMN13999612,PRJNA604849,,zaheer2020
SAMN13999613,PRJNA604849,,zaheer2020
SAMN13999614,PRJNA604849,,zaheer2020
SAMN13999615,PRJNA604849,,zaheer2020
SAMN13999616,PRJNA604849,,zaheer2020
SAMN13999617,PRJNA604849,,zaheer2020
SAMN13999618,PRJNA604849,,zaheer2020
SAMN13999619,PRJNA604849,,zaheer2020
SAMN13999620,PRJNA604849,,zaheer2020
SAMN13999621,PRJNA604849,,zaheer2020
SAMN13999622,PRJNA604849,,zaheer2020
SAMN13999623,PRJNA604849,,zaheer2020
SAMN13999625,PRJNA604849,,zaheer2020
SAMN13999626,PRJNA604849,,zaheer2020
SAMN13999627,PRJNA604849,,zaheer2020
SAMN13999628,PRJNA604849,,zaheer2020
SAMN13999629,PRJNA604849,,zaheer2020
SAMN13999630,PRJNA604849,,zaheer2020
SAMN13999631,PRJNA604849,,zaheer2020
SAMN13999632,PRJNA604849,,zaheer2020
SAMN13999633,PRJNA604849,,zaheer2020
SAMN13999634,PRJNA604849,,zaheer2020
SAMN13999635,PRJNA604849,,zaheer2020
SAMN13999636,PRJNA604849,,zaheer2020
SAMN13999637,PRJNA604849,,zaheer2020
SAMN13999638,PRJNA604849,,zaheer2020
SAMN13999639,PRJNA604849,,zaheer2020
SAMN13999640,PRJNA604849,,zaheer2020
SAMN13999641,PRJNA604849,,zaheer2020
SAMN13999642,PRJNA604849,,zaheer2020
SAMN13999643,PRJNA604849,,zaheer2020
SAMN33741190,PRJNA944190,,sharon2023
SAMN33741190,PRJNA944190,,sharon2023
SAMN33741207,PRJNA944190,,sharon2023
SAMN33741207,PRJNA944190,,sharon2023
SAMN33741208,PRJNA944190,,sharon2023
SAMN33741208,PRJNA944190,,sharon2023
SAMN33741193,PRJNA944190,,sharon2023
SAMN33741193,PRJNA944190,,sharon2023
SAMN33741209,PRJNA944190,,sharon2023
SAMN33741209,PRJNA944190,,sharon2023
SAMN33741194,PRJNA944190,,sharon2023
SAMN33741194,PRJNA944190,,sharon2023
SAMN33741210,PRJNA944190,,sharon2023
SAMN33741210,PRJNA944190,,sharon2023
SAMN33741211,PRJNA944190,,sharon2023
SAMN33741211,PRJNA944190,,sharon2023
SAMN33741195,PRJNA944190,,sharon2023
SAMN33741195,PRJNA944190,,sharon2023
SAMN33741212,PRJNA944190,,sharon2023
SAMN33741212,PRJNA944190,,sharon2023
SAMN33741196,PRJNA944190,,sharon2023
SAMN33741196,PRJNA944190,,sharon2023
SAMN33741197,PRJNA944190,,sharon2023
SAMN33741197,PRJNA944190,,sharon2023
SAMN33741198,PRJNA944190,,sharon2023
SAMN33741198,PRJNA944190,,sharon2023
SAMN33741199,PRJNA944190,,sharon2023
SAMN33741199,PRJNA944190,,sharon2023
SAMN33741200,PRJNA944190,,sharon2023
SAMN33741200,PRJNA944190,,sharon2023
SAMN33744731,PRJNA944190,,sharon2023
SAMN33744731,PRJNA944190,,sharon2023
SAMN33741201,PRJNA944190,,sharon2023
SAMN33741201,PRJNA944190,,sharon2023
SAMN33741202,PRJNA944190,,sharon2023
SAMN33741202,PRJNA944190,,sharon2023
SAMN33741203,PRJNA944190,,sharon2023
SAMN33741203,PRJNA944190,,sharon2023
SAMN33741204,PRJNA944190,,sharon2023
SAMN33741204,PRJNA944190,,sharon2023
SAMN33741191,PRJNA944190,,sharon2023
SAMN33741191,PRJNA944190,,sharon2023
SAMN33741205,PRJNA944190,,sharon2023
SAMN33741205,PRJNA944190,,sharon2023
SAMN33741192,PRJNA944190,,sharon2023
SAMN33741192,PRJNA944190,,sharon2023
SAMN33741215,PRJNA944190,,sharon2023
SAMN33741215,PRJNA944190,,sharon2023
SAMN33741216,PRJNA944190,,sharon2023
SAMN33741216,PRJNA944190,,sharon2023
SAMN33744732,PRJNA944190,,sharon2023
SAMN33744732,PRJNA944190,,sharon2023
SAMN33744733,PRJNA944190,,sharon2023
SAMN33744733,PRJNA944190,,sharon2023
SAMN33741213,PRJNA944190,,sharon2023
SAMN33741213,PRJNA944190,,sharon2023
SAMN33741217,PRJNA944190,,sharon2023
SAMN33741217,PRJNA944190,,sharon2023
SAMN33741218,PRJNA944190,,sharon2023
SAMN33741218,PRJNA944190,,sharon2023
SAMN33741219,PRJNA944190,,sharon2023
SAMN33741219,PRJNA944190,,sharon2023
SAMN33741220,PRJNA944190,,sharon2023
SAMN33741220,PRJNA944190,,sharon2023
SAMN33741221,PRJNA944190,,sharon2023
SAMN33741221,PRJNA944190,,sharon2023
SAMN33744734,PRJNA944190,,sharon2023
SAMN33744734,PRJNA944190,,sharon2023
SAMN33741214,PRJNA944190,,sharon2023
SAMN33741214,PRJNA944190,,sharon2023
SAMN33741222,PRJNA944190,,sharon2023
SAMN33741222,PRJNA944190,,sharon2023
SAMN13999957,PRJNA604849,,zaheer2020
SAMN13999958,PRJNA604849,,zaheer2020
SAMN13999959,PRJNA604849,,zaheer2020
SAMN13999960,PRJNA604849,,zaheer2020
SAMN13999961,PRJNA604849,,zaheer2020
SAMN13999683,PRJNA604849,,zaheer2020
SAMN13999962,PRJNA604849,,zaheer2020
SAMN13999963,PRJNA604849,,zaheer2020
SAMN13999964,PRJNA604849,,zaheer2020
SAMN13999965,PRJNA604849,,zaheer2020
SAMN13999953,PRJNA604849,,zaheer2020
SAMN13999954,PRJNA604849,,zaheer2020
SAMN13999808,PRJNA604849,,zaheer2020
SAMN13999809,PRJNA604849,,zaheer2020
SAMN13999811,PRJNA604849,,zaheer2020
SAMN13999812,PRJNA604849,,zaheer2020
SAMN13999813,PRJNA604849,,zaheer2020
SAMN13999814,PRJNA604849,,zaheer2020
SAMN13999815,PRJNA604849,,zaheer2020
SAMN13999775,PRJNA604849,,zaheer2020
SAMN13999776,PRJNA604849,,zaheer2020
SAMN13999777,PRJNA604849,,zaheer2020
SAMN13999778,PRJNA604849,,zaheer2020
SAMN13999779,PRJNA604849,,zaheer2020
SAMN13999780,PRJNA604849,,zaheer2020
SAMN13999781,PRJNA604849,,zaheer2020
SAMN13999782,PRJNA604849,,zaheer2020
SAMN13999783,PRJNA604849,,zaheer2020
SAMN13999784,PRJNA604849,,zaheer2020
SAMN13999785,PRJNA604849,,zaheer2020
SAMN13999786,PRJNA604849,,zaheer2020
SAMN13999787,PRJNA604849,,zaheer2020
SAMN13999819,PRJNA604849,,zaheer2020
SAMN13999770,PRJNA604849,,zaheer2020
SAMN13999771,PRJNA604849,,zaheer2020
SAMN13999772,PRJNA604849,,zaheer2020
SAMN13999773,PRJNA604849,,zaheer2020
SAMN13999774,PRJNA604849,,zaheer2020
SAMN13999716,PRJNA604849,,zaheer2020
SAMN13999694,PRJNA604849,,zaheer2020
SAMN13999695,PRJNA604849,,zaheer2020
SAMN13999767,PRJNA604849,,zaheer2020
SAMN13999696,PRJNA604849,,zaheer2020
SAMN13999697,PRJNA604849,,zaheer2020
SAMN13999698,PRJNA604849,,zaheer2020
SAMN13999699,PRJNA604849,,zaheer2020
SAMN13999691,PRJNA604849,,zaheer2020
SAMN13999692,PRJNA604849,,zaheer2020
SAMN13999818,PRJNA604849,,zaheer2020
SAMN13999768,PRJNA604849,,zaheer2020
SAMN13999769,PRJNA604849,,zaheer2020
SAMN13999766,PRJNA604849,,zaheer2020
SAMN13999760,PRJNA604849,,zaheer2020
SAMN13999761,PRJNA604849,,zaheer2020
SAMN13999717,PRJNA604849,,zaheer2020
SAMN13999702,PRJNA604849,,zaheer2020
SAMN13999703,PRJNA604849,,zaheer2020
SAMN13999820,PRJNA604849,,zaheer2020
SAMN13999700,PRJNA604849,,zaheer2020
SAMN13999701,PRJNA604849,,zaheer2020
SAMN13999817,PRJNA604849,,zaheer2020
SAMN13999762,PRJNA604849,,zaheer2020
SAMN13999763,PRJNA604849,,zaheer2020
SAMN13999788,PRJNA604849,,zaheer2020
SAMN13999727,PRJNA604849,,zaheer2020
SAMN13999693,PRJNA604849,,zaheer2020
SAMN13999728,PRJNA604849,,zaheer2020
SAMN13999729,PRJNA604849,,zaheer2020
SAMN13999730,PRJNA604849,,zaheer2020
SAMN13999731,PRJNA604849,,zaheer2020
SAMN13999732,PRJNA604849,,zaheer2020
SAMN13999733,PRJNA604849,,zaheer2020
SAMN13999734,PRJNA604849,,zaheer2020
SAMN13999735,PRJNA604849,,zaheer2020
SAMN13999756,PRJNA604849,,zaheer2020
SAMN13999757,PRJNA604849,,zaheer2020
SAMN13999758,PRJNA604849,,zaheer2020
SAMN13999759,PRJNA604849,,zaheer2020
SAMN13999704,PRJNA604849,,zaheer2020
SAMN13999790,PRJNA604849,,zaheer2020
SAMN13999821,PRJNA604849,,zaheer2020
SAMN13999706,PRJNA604849,,zaheer2020
SAMN13999707,PRJNA604849,,zaheer2020
SAMN13999708,PRJNA604849,,zaheer2020
SAMN13999709,PRJNA604849,,zaheer2020
SAMN13999710,PRJNA604849,,zaheer2020
SAMN13999711,PRJNA604849,,zaheer2020
SAMN13999712,PRJNA604849,,zaheer2020
SAMN13999713,PRJNA604849,,zaheer2020
SAMN13999715,PRJNA604849,,zaheer2020
SAMN13999764,PRJNA604849,,zaheer2020
SAMN13999765,PRJNA604849,,zaheer2020
SAMN13999718,PRJNA604849,,zaheer2020
SAMN13999719,PRJNA604849,,zaheer2020
SAMN13999720,PRJNA604849,,zaheer2020
SAMN13999721,PRJNA604849,,zaheer2020
SAMN13999722,PRJNA604849,,zaheer2020
SAMN13999723,PRJNA604849,,zaheer2020
SAMN13999724,PRJNA604849,,zaheer2020
SAMN13999726,PRJNA604849,,zaheer2020
SAMN13999725,PRJNA604849,,zaheer2020
SAMN13999833,PRJNA604849,,zaheer2020
SAMN13999834,PRJNA604849,,zaheer2020
SAMN13999835,PRJNA604849,,zaheer2020
SAMN13999836,PRJNA604849,,zaheer2020
SAMN13999736,PRJNA604849,,zaheer2020
SAMN13999737,PRJNA604849,,zaheer2020
SAMN13999738,PRJNA604849,,zaheer2020
SAMN13999739,PRJNA604849,,zaheer2020
SAMN13999740,PRJNA604849,,zaheer2020
SAMN13999742,PRJNA604849,,zaheer2020
SAMN13999743,PRJNA604849,,zaheer2020
SAMN13999744,PRJNA604849,,zaheer2020
SAMN13999745,PRJNA604849,,zaheer2020
SAMN13999741,PRJNA604849,,zaheer2020
SAMN13999746,PRJNA604849,,zaheer2020
SAMN13999747,PRJNA604849,,zaheer2020
SAMN13999748,PRJNA604849,,zaheer2020
SAMN13999749,PRJNA604849,,zaheer2020
SAMN13999750,PRJNA604849,,zaheer2020
SAMN13999751,PRJNA604849,,zaheer2020
SAMN13999752,PRJNA604849,,zaheer2020
SAMN13999753,PRJNA604849,,zaheer2020
SAMN13999754,PRJNA604849,,zaheer2020
SAMN13999837,PRJNA604849,,zaheer2020
SAMN13999755,PRJNA604849,,zaheer2020
SAMN13999822,PRJNA604849,,zaheer2020
SAMN13999791,PRJNA604849,,zaheer2020
SAMN13999823,PRJNA604849,,zaheer2020
SAMN13999824,PRJNA604849,,zaheer2020
SAMN13999825,PRJNA604849,,zaheer2020
SAMN13999826,PRJNA604849,,zaheer2020
SAMN13999827,PRJNA604849,,zaheer2020
SAMN13999828,PRJNA604849,,zaheer2020
SAMN13999793,PRJNA604849,,zaheer2020
SAMN13999794,PRJNA604849,,zaheer2020
SAMN13999795,PRJNA604849,,zaheer2020
SAMN13999796,PRJNA604849,,zaheer2020
SAMN13999797,PRJNA604849,,zaheer2020
SAMN13999798,PRJNA604849,,zaheer2020
SAMN13999799,PRJNA604849,,zaheer2020
SAMN13999800,PRJNA604849,,zaheer2020
SAMN13999801,PRJNA604849,,zaheer2020
SAMN13999802,PRJNA604849,,zaheer2020
SAMN13999838,PRJNA604849,,zaheer2020
SAMN13999803,PRJNA604849,,zaheer2020
SAMN13999804,PRJNA604849,,zaheer2020
SAMN13999805,PRJNA604849,,zaheer2020
SAMN13999806,PRJNA604849,,zaheer2020
SAMN13999807,PRJNA604849,,zaheer2020
SAMN13999829,PRJNA604849,,zaheer2020
SAMN13999830,PRJNA604849,,zaheer2020
SAMN13999831,PRJNA604849,,zaheer2020
SAMN13999832,PRJNA604849,,zaheer2020
SAMN13999839,PRJNA604849,,zaheer2020
SAMN13999792,PRJNA604849,,zaheer2020
SAMN13999966,PRJNA604849,,zaheer2020
SAMN13999967,PRJNA604849,,zaheer2020
SAMN13999684,PRJNA604849,,zaheer2020
SAMN13999968,PRJNA604849,,zaheer2020
SAMN13999969,PRJNA604849,,zaheer2020
SAMN13999970,PRJNA604849,,zaheer2020
SAMN13999971,PRJNA604849,,zaheer2020
SAMN13999685,PRJNA604849,,zaheer2020
SAMN13999686,PRJNA604849,,zaheer2020
SAMN13999687,PRJNA604849,,zaheer2020
SAMN13999688,PRJNA604849,,zaheer2020
SAMN13999689,PRJNA604849,,zaheer2020
SAMN13999690,PRJNA604849,,zaheer2020
SAMN13999955,PRJNA604849,,zaheer2020
SAMN13999956,PRJNA604849,,zaheer2020
